label,name,lang
male,Thomas,en-GB
female,Freya,en-GB
male,Rolf,sv-SE
female,Maren,no-NO
male,Mario,es-ES
female,Constance,en-US
female,Inna,uk-UA
male,Vadim,ru-RU
male,Qasim, ar-EG
male,Anil,ne-NP
male,Jarosław,pl-PL
female,Irena,pl-PL
male,Chingiz,kk-KZ
female,Yuka,ja-JP
female,Bente,da-DK
male,Oskar,sv-SE
female,Brianna,en-US
female,Edyta,pl-PL
male,Dariusz,pl-PL
male,Hassan,ar-EG
female,Dagmara,pl-PL
male,Ramon,es-ES
female,Marija,sl-SI
male,Shiro,ja-JP
male,Akira,ja-JP
male,René,fr-LU
male,Gia-Long,vi-VN
female,Hedda,no-NO
female,Mahnoor,ur-PK
female,Bo-Hee,ko-KR
female,Kaori,ja-JP
female,Amalia,ro-RO
male,Karol,sk-SK
male,Jakob,de-AT
male,Ibrahim,ar-EG
female,Karabo,tn-ZA
male,Bohdan,uk-UA
female,Cynthia,en-US
male,Aleksiej,pl-PL
male,Dario,es-AR
female,Aurora,es-ES
male,Enrico,it-IT
male,Hiroshi,ja-JP
female,Ayaka,ja-JP
male,Francisco,es-MX
male,Peter,nl-NL
female,Carolina,es-CO
female,Hae-Won,ko-KR
female,Lucia,es-ES
male,Lucas,gl-ES
female,Anna,fi-FI
female,Luisa,pt-PT
female,Emilia,fi-FI
female,Mei-Ying,zh-TW
male,Myung-Soo,ko-KR
female,Mariela,es-ES
male,Omar,es-MX
male,Pavel,ru-RU
male,Malik,ar-MA
male,Dare,yo-NG
female,Emma,en-US
female,Hanne,da-DK
female,Amara,es-US
female,Milagros,es-AR
male,Radoslav,sk-SK
male,Ruben,nl-NL
female,Esmeralda,pt-BR
male,Hans,de-DE
male,Željko,hr-BA
male,Milos,sr-Latn-RS
female,Gloria,en-US
male,Geun-Young,ko-KR
female,Roksana,pl-PL
male,Leo,sw-KE
female,Ana,sr-Latn-RS
male,Kaoru,ja-JP
male,Basit,ur-PK
male,Thiago,pt-BR
female,Camille,fr-BE
female,Huong,vi-VN
male,Enzo,it-IT
female,Beatriz,es-ES
male,Boris,hr-HR
female,Helena,hr-HR
female,Michelle,fr-FR
male,Fares,ar-MA
male,Ethan,en-US
male,Alaric,en-GB
male,Alberto,es-AR
male,Tuan,vi-VN
female,Ai,ja-JP
male,Takashi,ja-JP
female,Aurora,it-IT
male,Abdullahi,ha-NE
female,Natalija,sr-Cyrl-RS
male,Yifei,zh-Hans-CN
female,Isabella,pt-BR
female,Federica,it-IT
male,Rajesh,hi-IN
male,Dragan,sr-Latn-RS
female,Débora,pt-PT
male,Joseph,en-US
male,Kazimierz,pl-PL
male,Hector,es-MX
female,Tamara,hr-HR
male,Ankit,hi-IN
male,Hendrik,de-DE
male,Sava,sr-Latn-RS
female,Nthabiseng,st-ZA
male,Gábor,hu-HU
female,Klára,cs-CZ
male,Aditya,hi-IN
female,Maja,hr-HR
male,Ntuthuko,zu-ZA
female,Ivana,hr-HR
female,Emma,fr-FR
female,Britta,de-DE
male,Chinatsu,ja-JP
male,Lukas,de-AT
female,Tanja,de-DE
male,Mohamed,ar-EG
male,Edgar,es-MX
female,Ljudmila,sr-Latn-RS
female,Khadidja,ar-DZ
male,Adrian,es-ES
female,Vanessa,pt-PT
male,Alessandro,it-IT
male,Linus,sv-SE
male,Janusz,pl-PL
male,Karl,de-DE
male,Lucas,pt-BR
female,Mawusi,ee-TG
female,Leonor,pt-PT
female,Gabriela,es-ES
female,Patricia,pt-PT
male,Niklas,sv-SE
male,Arkadiusz,pl-PL
male,Ömer,tr-TR
female,Dina,hr-HR
male,Michele,it-IT
male,Liang,zh-CN
female,Ja-Young,ko-KR
male,Dominik,de-DE
female,Gemma,en-US
female,Kristin,no-NO
male,Rodrigo,pt-BR
female,Hope,en-US
female,Marta,pt-PT
female,Adriana,pt-PT
male,Mohammed, ar-EG
female,Sofia,es-ES
female,Monica,es-CL
female,Sofie,da-DK
female,Anna,en-GB
female,Ekaterina,ru-RU
female,Min-Jung,ko-KR
female,Naki,nd-ZW
female,Silvia,es-ES
female,Anastasiya,ru-RU
male,Habib,ar-TN
male,Boris,ru-RU
male,Władysław,pl-PL
male,Leul,am-ET
female,Emilia,pl-PL
female,Yeon-ju,ko-KR
male,Vicente,es-MX
male,Claudio,pt-BR
female,Ewa,pl-PL
male,Folayan, yo-NG
male,Ruben,es-ES
female,Aurora,en-US
male,Daniel,de-DE
male,Ricardo,pt-PT
female,Svetlana,ru-RU
female,Emília,pt-PT
male,Martin,da-DK
male,Andrej,sk-SK
female,Isabel,pt-BR
male,Kristian,fi-FI
female,Diana,en-US
male,Ruben,de-DE
male,Vasil,bg-BG
female,Clara,en-GB
female,Regina,hu-HU
female,Taylor,en-US
male,Khalil,ar-EG
female,Denisa,ro-RO
male,Julián,es-CO
male,Tsuyoshi,ja-JP
female,Zi-lin,zh-Hans-CN
female,Niina,fi-FI
male,Amir,en-US
male,Eren,tr-TR
male,Amadi,ig-NG
male,Dorian,ro-RO
female,Asta,lt-LT
female,Hannah,en-US
male,Alvaro,es-ES
female,Dana,en-US
male,Molapo,st-ZA
male,Efren,es-ES
female,Anna,da-DK
male,Chad,en-US
male,Nuno,pt-PT
female,Angelina,en-US
female,Eva,es-ES
male,Ludwig,de-LI
male,Marko,et-EE
male,Davide,it-IT
male,Hyun-Seok,ko-KR
female,Begüm,tr-TR
female,Nataliya,uk-UA
female,Irina,ru-RU
male,Aslan,kk-KZ
male,Donghyun,ko-KR
male,Ulf,sv-SE
male,Yago,es-ES
female,Frida,sv-SE
male,Pieter,af-ZA
male,Eoin,ga-IE
male,Bao,vi-VN
male,Lance,en-US
male,Daniele,it-IT
female,Laura,ro-RO
female,Kristina,hr-HR
male,Haile,am-ET
male,Morten,da-DK
male,Tae-Joon,ko-KR
female,Aria,en-US
female,Frida,es-MX
male,Masato,ja-JP
male,Anatoli,ru-RU
female,Bianca,ro-RO
female,Jaya,id-ID
female,Sa-Rang,ko-KR
female,Victoria,en-GB
male,Leonardo,it-IT
male,Ariel,he-IL
male,Cristiano,it-IT
male,Arkadiy,ru-RU
female,Maaike,nl-NL
female,Esra,tr-TR
male,Erick,es-VE
female,Anneliese,de-DE
male,Kwok,cmn-Hans-CN
male,Leandro,pt-BR
female,Aoife,gd-GB
male,Axel,sv-SE
female,Johana,cs-CZ
male,Dominykas,lt-LT
male,Lukáš,cs-CZ
female,Karina,es-PR
female,Emmanuelle,fr-FR
female,Frida,no-NO
male,Nikita,ru-RU
male,Koda,nai-US
female,Cristina,ro-RO
male,Peter,en-US
female,Sabina,hr-HR
female,Callie,en-US
male,Yong-Soo,ko-KR
male,Emilio,es-MX
male,Nolan,en-US
male,Bogdan,ro-RO
male,Oliver,et-EE
female,Monika,sk-SK
male,Darren,en-GB
female,Enikő,hu-HU
male,Mateus,pt-PT
female,Hadiya,am-ET
male,Carlos,pt-BR
female,Lara,es-ES
female,Nadifa,so-SO
male,Dalibor,hr-HR
female,Seo-Yeon,ko-KR
female,Fernanda,pt-BR
male,Krzysztof,pl-PL
female,Wilhelmina,sv-SE
male,David,en-US
male,Hryhorii,uk-UA
female,Ulrika,sv-SE
male,Dimitri,fr-FR
female,Elizabeth,en-US
male,Jules,fr-CA
male,Demba,wo-SN
female,Laure,fr-FR
male,Tae-Sik,ko-KR
male,Tihomir,hr-HR
male,Endre,no-NO
male,Daulet,kk-KZ
male,Yannick,fr-CA
male,Viggo,da-DK
female,Mei-Lin,zh-Hant-TW
female,Izabela,pl-PL
female,Erica,en-US
male,Alain,fr-CA
male,Marijan,hr-HR
male,Michal,cs-CZ
female,Kirsten,da-DK
male,Olof,sv-SE
male,Josip,hr-HR
female,Elīna,lv-LV
male,Kai,no-NO
female,Fiona,en-GB
female,Jasmin,de-DE
male,Michal,pl-PL
male,Fu,cmn-Hans-CN
female,Dandan,zh-CN
male,Benicio,pt-BR
male,Damian,es-AR
female,Iryna,uk-UA
female,Cristina,ro-MD
male,Félix,pt-PT
female,Kamaria,sw-KE
male,Dennis,de-DE
male,Fabian,de-CH
male,Stefan,rs-Latn-RS
female,Charlotte,en-GB
male,Chinmay,hi-IN
male,Victor,pt-PT
female,Mária,hu-HU
female,Hedda,nn-NO
female,Farida,ar-EG
male,Matthias,de-CH
female,Sophie,fr-FR
female,Aoife,ga-IE
female,Ai-Ling,zh-TW
female,Liudmila,uk-UA
male,Indra,id-ID
male,Tian,cmn-Hans-CN
male,Viktor,uk-UA
female,Kanon,ja-JP
female,Melanie,en-US
female,Claudia,it-IT
female,Yolanda,es-ES
female,Trine,da-DK
male,Tolulope, yo-NG
female,Júlia,pt-PT
male,Chong-Sun,ko-KP
female,Mirjam,et-EE
female,Natália,pt-PT
male,Anselmo,pt-PT
male,Mohammed,ar-EG
male,Isaac, en-US
female,Yoko,ja-JP
male,Min-Ho,ko-KR
male,Daudi, sw-KE
male,Nikola,hr-HR
male,Kazimir,sk-SK
male,George,en-US
female,Giorgia,it-IT
male,João,pt-BR
female,Ida,da-DK
male,Yan,cmn-Hans-CN
male,Dante,es-MX
male,Aitor,eu-ES
male,Denis,bg-BG
female,Chen-Yu,zh-TW
female,Mwana, sw-TZ
female,Jana,de-AT
female,Pernille,da-DK
male,Denys,uk-UA
male,Conor,en-GB
male,Olav,no-NO
male,Takahiro,ja-JP
female,Yangchen,bo-CN
male,Ankit,ne-NP
female,Claris,mw-NY
female,Amara,wo
male,Nicolas,pt-BR
male,Cherokee,mus-US
male,Carlos,es-PR
male,Frederik,da-DK
female,Lily,en-US
female,Astrid,no-NO
female,Nadja,de-AT
male,Jorge,es-ES
male,Sami,fi-FI
female,Charlotte,fr-CA
male,Junior,pt-BR
female,Eniola,yo-NG
male,Jan,cs-CZ
female,Dana,ro-RO
female,Maria,en-GB
female,Milena,sl-SI
male,Domingos,pt-PT
male,Antón,es-ES
male,Antoine,fr-FR
female,Ksenia,ru-RU
male,Endre,hu-HU
male,Brian,en-US
female,Farida,uz-UZ
male,Yang-Seok,ko-KR
female,Samantha,en-US
female,Trang,vi-VN
male,Andrei,ro-RO
female,Lola,es-MX
male,Imamu, sw-KE
female,Aleksandra,pl-PL
female,Hyun-Joo,ko-KR
female,Claire,fr-FR
male,Nyakallo,st-ZA
male,Shiv,hi-IN
male,Emil,da-DK
female,Aya,ber-DZ
female,Livia,pt-BR
male,Uroš,sr-Latn-RS
male,Xiang,zh-CN
male,Ousmane,ff-Latn-SN
male,Aleksandr,ru-RU
male,Masixole,xh-ZA
female,Cristina,es-ES
male,Koichi,ja-JP
female,Henriette,da-DK
male,Matúš,sk-SK
female,Æsa,is-IS
female,Danielle,en-US
male,Martin,de-DE
male,Constantin,ro-RO
male,Harry,en-GB
male,Łukasz,pl-PL
female,Liliana,pt-PT
female,María,es-ES
female,Aminata,ff-Latn-SN
male,Carlos,pt-PT
female,Berta,de-DE
male,Eyüp,tr-TR
male,Carl,sv-SE
male,Niels,da-DK
male,Makaveli, en-US
male,Cayetano,es-AR
male,Anele,xh-ZA
male,Heinz,de-DE
male,Ivan,ru-RU
male,Daniel,am-ET
female,Aurora,gl-ES
male,Marek,pl-PL
male,Yao,cmn-Hans-CN
female,Nora,sv-SE
male,Miguel,es-ES
female,Helena,pt-PT
female,Ga-eun,ko-KR
female,Adriana,es-ES
female,Tamara,sr-Cyrl-RS
male,Elton,pt-BR
male,Armando,es-MX
female,Emma,sv-SE
female,Juliana,pt-BR
female,Agnes,cs-CZ
male,Hans,da-DK
male,Dean,en-US
female,Rafaela,pt-BR
female,Patrícia,pt-PT
female,Ni Luh,id-ID
female,Thora,no-NO
female,Katja,sl-SI
male,Fernando,pt-PT
female,Giulia,it-IT
female,Alejandra,es-ES
female,Adele,de-DE
male,Sören,sv-SE
male,Henrik,no-NO
female,Ngozi,ig
male,Anders,sv-SE
female,Hanife,tr-TR
male,Mawuli, ewo-NG
female,Kristina,sr-Latn-RS
male,James,en-US
male,Ingmar,sv-SE
female,Hildegard,de-DE
male,Marcus,sv-SE
female,Júlia,ca-ES
male,Johan,sv-SE
female,Eden,en-US
female,Carmen,es-DO
female,Galina,ru-RU
female,Damla,tr-TR
female,Tina,sl-SI
female,Yun,ko-KR
male,Elmar,de-DE
female,Lucija,hr-HR
female,Nia, sw-KE
male,Luís,pt-PT
female,Sílvia,pt-PT
male,Adriano,pt-BR
female,Saeko,ja-JP
female,Karina,pt-BR
female,Iwona,pl-PL
male,Patrik,sk-SK
male,David,ca-ES
female,Daniella,el-GR
male,Jin-Ho,ko-KR
female,Claudia,ro-RO
male,Mohamed,ar-LY
male,Daniel,es-ES
female,Zsófia,hu-HU
female,Evita,lv-LV
female,Ashley,en-US
female,Bisi,yo-NG
male,Femi, yo-NG
male,Goran,hr-HR
female,Ting-Ting,zh-TW
male,Gustav,de-AT
male,Ismael,ar-DZ
female,Sigrid,no-NO
female,Aisha,ar-EG
male,Viktor,ru-RU
male,Viktor,sv-SE
male,Igor,sr-Latn-RS
male,Nicolas,fr-FR
male,Jun-seo,ko-KR
female,Alessandra,pt-BR
female,Ellie,en-GB
female,Emma,en-GB
male,Daniel,pt-BR
female,Christina,en-US
male,Tiago,pt-PT
female,Mei-Ling,zh-TW
female,Angela,en-GB
male,Zuberi, sw-KE
male,Juraj,sk-SK
female,Gifty,ak-GH
male,Elías,es-ES
female,Sifiso, zu-ZA
female,Kyung-Ja,ko-KR
female,Clara,es-ES
male,Teodor,ro-RO
male,Robert,en-US
male,Hussein,ar-SD
male,Nabil, ar-EG
male,Henrique,pt-PT
male,Csaba,hu-HU
male,Gabriel,fr-FR
male,Daniel,en-US
female,Katja,de-AT
male,Oumar, fr-SN
male,Gianluca,it-IT
male,Ezekiel,en-US
female,Laure,fr-CH
female,Folami, yo-NG
male,Lei,zh-CN
male,Fayyad,ar-LB
female,Valentina,bg-BG
male,Markus,de-DE
female,Sharon,en-US
female,Lena,de-DE
male,Rafael,es-MX
male,Nathan,en-GB
male,Christopher,en-US
male,František,cs-CZ
male,Lukas,lt-LT
male,Filipe,pt-PT
male,Stefano,it-IT
male,Stefan,sr-Latn-RS
female,Christine,en-CA
male,Zbigniew,pl-PL
female,Sara,pt-PT
female,Sonia,it-IT
female,Marianna,hu-HU
male,Dušan,sr-Latn-RS
male,Ernesto,es-MX
female,Marina,sr-Latn-CS
male,Dong-Min,ko-KR
female,Caroline,en-GB
male,Akintoye,yo-NG
female,Birgit,de-DE
male,Timoteo,es-CL
male,Bernardo,pt-BR
male,Krishna,ne-NP
male,Szymon,pl-PL
female,Katja,et-EE
female,Althea,en-US
male,Jonas,de-DE
male,László,hu-HU
female,Kwesi,ak-GH
male,Francesco,it-IT
female,Mariama, fr-SN
female,Felicity,en-US
male,Gabriel,hu-HU
male,Casimir,pl-PL
male,Kebba,ff-Latn-SN
male,William,en-US
male,Eric,en-US
male,Yong-Ho,ko-KR
female,Suwon,ko-KR
male,Stefan,de-DE
female,Zuzana,sk-SK
male,Kamau,ki
male,Musa,ha-Latn-NG
male,Roman,cs-CZ
male,Kacper,pl-PL
male,Claudio,it-IT
female,Viktória,hu-HU
female,Iris,nb-NO
male,Ole,no-NO
female,Manuela,it-IT
male,Mohamed,en-US
male,Korneliusz,pl-PL
female,Mirella,it-IT
male,Yang,ko-KR
female,Reyna,es-MX
female,Carmen,es-MX
female,Jabulile, zu-ZA
female,Oksana,uk-UA
female,Lisa,de-DE
male,Nasser,ar-EG
male,César,pt-PT
male,Alonso,es-MX
female,Angela,en-US
female,Feride,tr-TR
male,Antonio,it-IT
male,Žanis,lv-LV
male,Azamat,kk-KZ
male,Lennart,sv-SE
male,Chang-min,ko-KR
female,Clara,es-AR
female,Valentina,es-AR
female,Ying,cmn-Hans-CN
male,Suhas,hi-IN
male,Andrés,es-ES
male,Kenichi,ja-JP
male,Martim,pt-PT
female,Mafalda,pt-PT
male,Yu,cmn-Hans-CN
male,Senzo, zu-ZA
female,Ngoc Anh,vi-VN
female,Zsuzsa,hu-HU
male,Baekho,ko-KR
female,Katrine,da-DK
female,Valeriya,uk-UA
female,Anneli,sv-SE
male,Unai,eu-ES
male,Martin,no-NO
female,Monica,es-ES
male,Chase,en-US
female,Madeleine,sv-SE
female,Belen,es-ES
female,Victoria,en-US
female,Eir,nn-NO
male,Chukwudi,ig-NG
female,Stanislava,sk-SK
female,Zainab, ar-EG
male,Alexander,ru-RU
male,George,en-GB
male,Anton,ru-RU
female,Elina,fi-FI
female,Darya,ru-RU
male,Jürgen,de-DE
female,Asha,sw-TZ
male,Chen,cn-ZH
female,Yan-Ling,zh-TW
male,Iván,es-ES
male,Ali,ar-EG
male,Owura,ak-GH
female,Chinara, ig-NG
female,Diana,ro-RO
male,Hermann,de-AT
male,Dennis,en-US
female,Seo-yeon,ko-KR
male,Péter,hu-HU
male,Vasco,pt-PT
female,Jung-Ah,ko-KR
male,Michał,pl-PL
male,Grzegorz,pl-PL
male,Armando,pt-PT
female,Rosana,pt-BR
male,Celso,pt-PT
female,Vittoria,it-IT
male,Christophe,fr-FR
female,Natalie,en-US
female,Brenda,nl-NL
female,Anushka,ta-IN
male,Marko,hr-HR
female,Arya,fa-IR
female,Petra,hr-HR
male,Axel,es-MX
female,Liliana,es-MX
male,Saif,ar-SA
female,Yui,ja-JP
male,Leonid,ru-RU
male,Adetokunbo,yo-NG
male,Mihkel,et-EE
male,Altan,mn-MN
male,Roberto,es-ES
female,Edith,es-MX
female,Amélie,fr-FR
female,Alessandra,it-IT
female,Xiuying,zh-Hans-CN
female,Katrin,de-DE
female,Jessica,en-US
female,Berit,nn-NO
male,Simone,it-IT
male,Manuel,es-ES
male,Tendai, sn-ZW
male,Logan,en-US
female,Anna,en-US
female,Josephine,da-DK
female,Corinne,fr-FR
male,Kazuo,ja-JP
male,Chayton,lkt-US
female,Jana,sl-SI
male,Emil,bg-BG
male,Leonardo,es-ES
female,Dominika,pl-PL
female,Khuyen,vi-VN
male,Quentin,fr-FR
female,Nina,sv-SE
male,Jaromir,cs-CZ
male,Sean,en-US
female,Sabine,de-AT
female,Ifeoma,ig
male,Alexandre,fr-FR
male,Domenico,it-IT
male,Usman, ha-Latn-NG
male,Xosé,gl-ES
male,Anthony,en-US
male,Roberto,pt-PT
male,Jomo,sw-KE
female,Kristina,fi-FI
male,Edwin,en-US
female,Natalija,sr-Latn-RS
male,Francis,fr-FR
male,Javier,es-ES
female,Lena,sv-SE
male,Augusto,it-IT
female,Davidovna,he-IL
female,Sol-ji,ko-KR
male,Wei,zh-Hans-CN
male,Chris,en-US
female,Nuria,es-ES
female,Kadiatou,ff-Latn-SN
male,Hendrik,nl-NL
female,Jaroslava,sk-SK
male,Nathan,en-US
male,Miguel,pt-PT
female,Greta,it-IT
female,Brygida,pl-PL
male,Fabian,de-DE
male,António,pt-PT
female,Elena,ru-RU
male,Halil,tr-TR
male,Nakato, sw-KE
male,Gael,es-MX
male,Danilo,sr-Cyrl-RS
female,Lisbet,da-DK
male,Hong-Wei,zh-CN
female,Hanna,fi-FI
female,Milena,sr-Cyrl-RS
female,Isadora,pt-BR
female,Bożena,pl-PL
female,Olivia,en-US
male,Cristian,ro-RO
male,Oleksandr,uk-UA
male,Gorka,eu-ES
male,Sang-hoon,ko-KR
male,Omar,ar-MA
female,Audrey,fr-FR
female,Dana,hr-HR
male,Stefan,mk-MK
female,Aoi,ja-JP
male,Duarte,pt-PT
female,Weronika,pl-PL
male,Paolo,it-IT
male,Gabriel,ro-RO
female,Paula,es-ES
female,Vilma,lt-LT
female,Fatou,ff
male,Deepak,hi-IN
female,Eliana,pt-PT
male,Charlie,en-US
female,Divya,ta-IN
female,Dóra,hu-HU
male,Leon,de-DE
female,Lea,hr-HR
male,Marius,no-NO
male,Taizo,ja-JP
male,Renato,pt-BR
male,Paulo,pt-PT
female,Guilhermina,pt-BR
female,Ida,sv-SE
male,Amir,fa-IR
male,Olu, yo-NG
male,Pedro,pt-PT
male,Roberto,it-IT
male,Filip,pl-PL
male,Feodor,ru-RU
male,Taavi,et-EE
male,Esteban,es-MX
female,Judit,hu-HU
male,Harry,en-US
female,Jing,zh-Hans-CN
female,Jaylene,en-US
male,Georgi,bg-BG
male,Marko,sr-Latn-RS
male,Cédric,fr-BE
female,Audrey,fr-CA
male,Caio,pt-BR
female,Selena,es-MX
female,Margarita,es-ES
female,Regina,pt-PT
male,Ruben,es-MX
male,Jan,nl-NL
female,Yeon-Joo,ko-KR
male,Jun,ja-JP
male,Giovanni,it-IT
female,Nneka,ig-NG
male,César,es-ES
male,Yoo-Jin,ko-KR
female,Daphne,en-US
male,Attila,hu-HU
male,Anatoly,ru-RU
female,Henrietta,hu-HU
male,Matteo,it-IT
female,Aquene,na-USA
female,Rosario,es-MX
male,Chukwudi,ig
male,Felix,sv-SE
male,Sergio,es-ES
female,Alice,en-US
female,Anna,pl-PL
female,Marcela,es-ES
female,Paula,pt-PT
female,Sara,hr-HR
male,Maximilian,de-AT
female,Mai-Lin,zh-CN
female,Urszula,pl-PL
male,Hyeon-Su,ko-KR
female,Sarah,en-US
female,Célia,pt-PT
female,Greta,de-DE
female,Djeneba,fr-ML
male,Austin,en-US
male,Damian,pl-PL
female,Anisa,sw-TZ
male,Henrik,sv-SE
female,Chiara,it-IT
female,Alina,uk-UA
male,Elmir,az-AZ
male,Leo,es-AR
female,Carina,no-NO
male,Gonçalo,pt-PT
male,Alexander,no-NO
male,Jabari,sw-KE
male,Erik,no-NO
male,Dirk,nl-NL
female,Guilhermina,pt-PT
male,Sebastian,de-AT
male,Yong,cmn-Hans-CN
male,Bob,en-US
male,Janis,lv-LV
male,Ryota,ja-JP
female,Anaïs,fr-FR
female,Nami,ja-JP
female,Julia,es-ES
female,Eva,de-DE
male,An,vi-VN
female,Edda,is-IS
male,Zachary,en-US
male,Andrzej,pl-PL
male,Miroslav,cs-CZ
female,Havva,tr-TR
male,Badr,ar-SA
female,Rebecca,en-US
female,Lisa,de-AT
male,Jack,en-US
female,Eun-Jung,ko-KR
female,Esmeralda,es-MX
female,Eeva,fi-FI
female,Alena,cs-CZ
female,Eva,sk-SK
female,Daria,ru-RU
female,Su-yeon,ko-KR
male,Bahram,fa-IR
male,Elia,it-IT
female,Celeste,es-AR
female,Amalia,es-AR
female,Mona,ar-EG
female,Luciana,pt-BR
female,Beatriz,pt-PT
female,Jin-kyung,ko-KR
male,Chike, ig-NG
male,Italo,it-IT
female,Crystal,en-US
female,Tanisha, en-US
female,Gayane,hy-AM
female,Azra,bs-BA
female,Caroline,en-US
male,Christian,da-DK
male,Jaime,es-ES
female,Brynn,fr-CA
male,Julio,es-ES
female,Anita,hu-HU
female,Natalia,ru-RU
male,Aarav,hi-IN
male,Feng,zh-Hans-CN
female,Deborah,en-US
female,Ana,hr-HR
female,Tamara,es-ES
male,Gustavo,es-AR
female,Gabriela,pt-BR
male,Stanislav,ru-RU
male,Benno,de-DE
male,Kristian,no-NO
female,Bianca,pt-BR
male,Jian,cmn-Hans-CN
female,Yuuka,ja-JP
male,Viktor,hr-HR
female,Freya,nl-NL
female,Alena,ru-RU
female,Klara,hr-HR
male,Dustin,en-US
male,Enrico,it-CH
female,Amina,ha-Latn-NG
female,Mariama,ff-Latn-GN
female,Floriana,it-IT
female,Chipo,sn-ZW
male,Erik,sv-SE
male,Klaus,de-DE
male,Colton,en-US
female,Daniela,it-IT
female,Mia,hr-HR
female,Ana,pt-PT
female,Akiko,ja-JP
male,Frederico,pt-PT
male,Andoni,eu-ES
female,Daniela,pt-PT
female,Jamila,ar-MA
male,Mikhail,ru-RU
female,Pilar,es-ES
female,Jung-Hee,ko-KR
female,Gabriela,es-MX
female,Kyung-Mi,ko-KR
female,Esther,nl-NL
male,Slavko,sr-Latn-RS
female,Jana,cs-CZ
female,Jin-Hee,ko-KR
male,Luka,sr-Latn-RS
female,Johanna,de-DE
female,Rita,pt-BR
male,Chul-Soo,ko-KR
female,Magdalena,pl-PL
male,Tobias,de-DE
male,Dmytro,uk-UA
female,Nwabisa,xh-ZA
male,Denis,fr-FR
male,Sławomir,pl-PL
female,Teresa,pt-PT
female,Renata,pl-PL
female,Mónika,hu-HU
male,Bartosz,pl-PL
female,Hikari,ja-JP
male,Aliou,fr-CM
female,Tünde,hu-HU
male,Mario,es-MX
male,Suyash,hi-IN
male,Elias,ar-LB
female,Erzsébet,hu-HU
female,Omotola,yo-NG
male,Shohei,ja-JP
female,Jin,ko-KR
male,Ignacio,es-CL
female,Daniela,ro-RO
female,Aliyah,en-US
male,Antoni,pl-PL
male,Max,de-DE
male,Michael,en-US
male,Jovany,es-US
male,Hannes,de-DE
male,Damien,fr-FR
female,Silvia,sk-SK
female,Giselle,es-MX
male,Antonio,pt-PT
male,Emmanuel,es-MX
male,Matija,sl-SI
female,Ainur,kk-KZ
male,Sulaiman, ar-EG
female,Laura,en-GB
male,Emeka,ig
male,Hugo,pt-PT
male,Kirill,ru-RU
male,Oriol,ca-ES
female,Emily,en-US
male,Wojciech,pl-PL
female,Celine,fr-FR
male,Evgeni,ru-RU
male,Imran,ar-EG
male,Mario,pt-BR
female,Rika,ja-JP
male,Yuuki,ja-JP
male,Étienne,fr-FR
female,Greta,sv-SE
male,Nenad,sr-Latn-RS
male,Thomas,en-US
male,Yen,zh-CN
female,Mei-Ling,zh-CN
female,Vanda,cs-CZ
female,Carla,pt-BR
male,Jari,fi-FI
male,Adam,en-US
female,Helga,no-NO
female,Cansu,tr-TR
male,Phillip,de-DE
male,Krishna,hi-IN
female,Elena,es-ES
female,Aisha,ar-SD
female,Violeta,es-ES
female,Gabriela,pt-PT
female,Mei-Yan,zh-CN
female,Olena,uk-UA
male,Danilo,it-IT
female,Isabel,es-ES
female,Jana,sk-SK
male,Joaquim,pt-PT
male,Serhiy,uk-UA
male,Edgar,pt-PT
male,Naveen,hi-IN
female,Ana,pt-BR
female,Hala,ar-SA
male,Darko,sr-Latn-RS
male,Adrian,ro-RO
male,Elliot,en-US
male,Ljubomir,sr-Cyrl-RS
female,Alma,es-ES
male,Dylan,en-US
female,Conceição,pt-PT
male,Hidetoshi,ja-JP
female,Astrid,sv-SE
male,Vitalij,uk-UA
female,Jasmina,hr-HR
female,Marta,cs-CZ
male,Esteban,es-ES
female,Lan,vi-VN
male,Jin-ho,ko-KR
male,Liam,en-US
male,Ntando,zu-ZA
male,Radosław,pl-PL
male,Sekou,fr-GN
male,Ayo, yo-NG
male,Kenneth,en-GB
male,Lars,sv-SE
male,Cristian,ro-MD
male,Hoang,vi-VN
male,Ricardo,es-MX
male,Jaime,es-CL
female,Anasozi,ig-NG
female,Julia,pl-PL
female,Ming,ja-JP
female,Christina,sv-SE
male,Elvis,sr-Latn-RS
female,Fatima,ar-SA
female,Ji-Soo,ko-KR
male,Pablo,es-ES
female,Katherine,en-US
male,Dmitry,ru-RU
male,Alberto,it-IT
male,Julián,es-ES
male,Dimitrios,el-GR
female,Milena,sr-Latn-RS
male,Alexandre,fr-CA
male,Stefan,sv-SE
female,Valeria,gl-ES
male,Richard,en-US
male,Bruno,pt-PT
male,Hyun-woo,ko-KR
male,Linas,lt-LT
male,Won-Jae,ko-KR
female,Carmen,es-ES
female,Ja-Yeon,ko-KR
female,Hadiza,ha-NG
male,Andrii,uk-UA
male,Gustav,sv-SE
female,Chai,th-TH
female,Anastasia,el-GR
male,Joel,fi-FI
male,Christian,de-DE
male,Ludvig,sv-SE
male,Hector,es-ES
female,Krystyna,pl-PL
male,Chi-ho,ko-KR
male,Dražen,hr-HR
male,Alberto,pt-BR
male,Leif,da-DK
female,Nina,es-MX
female,Rosario,es-ES
male,Khwezi,zu-ZA
male,Kazuki,ja-JP
female,Fátima,pt-PT
male,Juma, sw-KE
male,Chibueze,ig-NG
female,Bianca,it-IT
female,Mei,zh-CN
male,Sang-Hoon,ko-KR
male,Daniel,hr-HR
female,Ngoc,vi-VN
female,Catherine,en-GB
female,Claire,en-US
female,Hyun-Ah,ko-KR
male,Enrique,es-ES
male,Fernando,es-ES
male,Ilias,el-CY
female,Lena,uk-UA
male,Phuc,vn-VN
male,Hassan,ar-SA
female,Ebele,ig-NG
female,Dulce,es-MX
female,Colleen,en-US
male,Seán,ga-IE
female,Eshe,ha-Latn-ZA
female,Xiana,gl-ES
male,Janos,hu-HU
male,Edgar,es-ES
male,Matěj,cs-CZ
male,Željko,hr-HR
female,Cvetka,sl-SI
female,Fiorella,it-IT
female,Valeria,es-ES
male,Enrique,es-MX
male,Giovanni,es-MX
male,Diego,es-ES
male,Józef,pl-PL
female,Alejandra,es-MX
female,Clara,it-IT
female,Abena,ak-GH
female,Katarzyna,pl-PL
female,Elsa,sv-SE
male,Jakub,pl-PL
female,Nadia,uk-UA
male,Cyprian,pl-PL
female,Olivia,en-GB
male,Gülnur,tr-TR
female,Silvana,pt-BR
female,Lucia,es-AR
female,Angélica,pt-BR
female,Luzia,pt-BR
male,Luis,es-ES
female,Ramatou,ha-NE
male,Carter,en-US
female,Li,cmn-Hans-CN
female,Dayana,es-MX
male,Bruno,pt-BR
female,Alice,en-GB
male,Bin,zh-CN
female,Íris,pt-PT
male,Ayodele,yo-NG
male,Jun-Seo,ko-KR
female,Gabriela,sk-SK
female,Anya,ru-RU
male,David,he-IL
male,Mats,sv-SE
male,Marouane,ar-MA
female,Camila,pt-BR
male,Shinichi,ja-JP
female,Petra,cs-CZ
female,Gia,en-US
male,Piotr,pl-PL
female,Olívia,pt-PT
male,Eduard,ru-RU
female,Gia,vi-VN
female,Nina,es-ES
male,Anton,de-US
male,Jakub,cs-CZ
female,Maja,no-NO
male,Subodh,ne-NP
male,Sebastian,es-ES
male,Sebastian,de-DE
male,Peter,sk-SK
male,Saidi, sw-KE
male,Yasuo,ja-JP
female,Renate,de-DE
male,Bekzat,kk-KZ
male,Danny,en-GB
male,Hadi,ar-EG
male,Emil,sv-SE
female,Emma,da-DK
female,Zara,es-ES
male,Brandon,en-US
female,Chen,ja-JP
male,Borja,es-ES
female,Inga,lt-LT
male,Arnaud,fr-FR
female,Ina,de-DE
female,Mette,da-DK
female,Hana,cs-CZ
female,Matilde,pt-PT
female,Kornelia,pl-PL
male,Luca,it-IT
male,Igor,hr-HR
male,Babatunde, yo-NG
female,Aria,fa-IR
female,Ellen,sr-Latn-CS
female,Elaine,en-US
male,Santiago,es-ES
male,Felipe,es-CL
female,Elin,sv-SE
female,Artemis,el-CY
male,Mikkel,da-DK
female,Tatjana,lt-LT
male,Mircea,ro-RO
male,Felipe,es-ES
female,Annika,sv-SE
female,Abigail,en-US
male,Lei,zh-Hans-CN
female,Noelia,es-ES
male,Saul,es-MX
female,Itumeleng,st-ZA
male,Jabulani,zu
female,Kristina,sl-SI
female,Hanako,ja-JP
female,Ulla,da-DK
male,Jan,pl-PL
male,Rashidi, sw-KE
male,Isaac,en-US
female,Satomi,ja-JP
male,Balázs,hu-HU
male,Gabriel,en-US
female,Ylva,sv-SE
male,Gustavo,pt-BR
male,Leopoldo,es-ES
female,Amal,ar-SA
female,Brigita,lt-LT
male,Joakim,sv-SE
male,Karol,pl-PL
female,Ainhoa,es-ES
male,Doru,ro-RO
male,Svetozar,rs-Latn-RS
male,Gregory,en-GB
female,Laura,en-US
male,Pawel,pl-PL
male,Giorgio,it-IT
male,Caleb,en-US
male,Álvaro,es-ES
male,Colin,en-GB
female,Yan,zh-CN
female,Maria,pt-PT
male,Edward,en-GB
male,Luigi,it-IT
female,Omolara, yo-NG
female,Oana,ro-RO
male,Nkosi, zu-ZA
male,Manuel,pt-PT
male,Leopold,de-DE
female,Lamisi, dag-GH
male,Benjamin,en-US
female,Chloe,en-US
female,Anita,es-CL
female,Anne,fr-FR
male,Alen,hr-HR
male,Carl,da-DK
male,Carlos,es-MX
male,Tomasz,pl-PL
male,Jeremiah,en-US
male,Jakob,da-DK
male,Thomas,da-DK
male,Evgeniy,ru-RU
male,Anders,da-DK
male,Kamau, sw-KE
female,Zahra,ar-TN
male,Ivan,sr-Latn-RS
male,Joachim,no-NO
female,Jéssica,pt-BR
female,Paola,it-IT
male,Jian-Hua,zh-CN
female,Eloise,en-US
female,Jolanta,lt-LT
male,Basile,fr-FR
female,Carmela,it-IT
female,Béatrice,fr-CH
female,Dorota,pl-PL
female,Bianka,hu-HU
female,Sara,en-US
female,Joséphine,fr-FR
male,Magnus,sv-SE
male,Lee,af-ZA
male,Rastislav,sk-SK
male,Hugo,da-DK
female,Carla,de-DE
female,Cassidy,en-US
female,Tang,cmn-Hans-CN
male,Giorgos,el-GR
male,Kyung-Soo,ko-KR
female,Ha-Neul,ko-KR
male,Andrea,it-IT
female,Jendayi,sw-KE
female,Alba,ca-ES
female,Inês,pt-PT
male,Elior,he-IL
male,Christian,de-AT
male,Ayoub,ar-TN
female,Mariam,ar-EG
male,Orlando,it-IT
male,Dominik,pl-PL
female,Verónica,es-ES
female,Eva,hu-HU
female,Jovana,sr-Cyrl-RS
male,Takumi,ja-JP
female,Marta,es-ES
male,Oliver,hr-HR
female,Grace,en-US
male,Kofi, ak-GH
female,Yun-Hee,ko-KR
male,Arvid,sv-SE
male,Giuseppe,it-IT
male,Nicolas,es-ES
female,Jelena,sr-Latn-RS
male,Örjan,sv-SE
male,Jaakko,fi-FI
male,Leonardo,pt-PT
male,Henri,fr-FR
male,Bogdan,uk-UA
female,Fabiola,es-MX
female,Pumza, xh-ZA
male,Abel,es-MX
female,Silvia,it-IT
male,Augusto,es-AR
female,Sae-Young,ko-KR
male,Aksel,no-NO
female,Delia,ro-RO
female,Paulina,pl-PL
male,Min-Jun,ko-KR
male,Leif,sv-SE
male,David,es-ES
male,Cristiano,pt-PT
male,Francisco,es-ES
female,Raquel,pt-PT
male,Chen,cmn-Hans-CN
female,Xiaoxiao,zh-CN
male,Daniel,es-AR
female,Florence,fr-BE
male,Larsen,en-US
female,Bouchra,ar-MA
male,Alejandro,es-ES
male,Daniel,en-GB
female,Alina,ro-RO
female,Lakshmi,en-US
male,August,sv-SE
female,Fleur,fr-CA
female,Camille,fr-FR
male,Edgar,hy-AM
female,Luciana,pt-PT
female,Mi-Young,ko-KR
female,Marta,hr-HR
male,Felipe,pt-BR
male,Wei,zh-CN
female,Fatima,pt-PT
female,Raisa,ru-RU
male,Hari,ne-NP
female,Martina,hr-HR
male,Kasper,da-DK
female,Eleonora,it-IT
male,Åke,sv-SE
male,Andreas,de-DE
male,Jesper,da-DK
male,Cristian,es-MX
female,Elisa,es-ES
female,Pendo,sw-KE
female,Sofía,es-ES
male,Ivar,no-NO
female,Avery,en-US
male,Harsh,hi-IN
male,Matthew,en-US
female,Kiana,en-US
male,Luca,it-US
female,Hong,zh-CN
male,Riccardo,it-IT
male,Deji,yo-NG
male,Karim, ar-EG
female,Nina,de-DE
male,Ilija,hr-HR
female,Aylin,tr-TR
female,Urmila,hi-IN
male,Abdullah,tr-TR
male,Giannis,el-GR
female,Gloria,es-ES
female,Noemi,es-ES
male,Clément,fr-FR
female,Amalie,da-DK
male,Luciano,es-AR
female,Safiya, ar-EG
female,Phuong,vi-VN
male,Felix,de-DE
male,Emilio,es-ES
male,Andrés,es-CO
female,Bárbara,es-ES
female,Jie,ja-JP
male,Calvin,en-US
female,Sara,it-IT
male,Sergio,es-MX
female,Laura,es-MX
female,Diana,es-CO
male,Bakari,sw-TZ
male,Folarin,yo-NG
female,Camilla,sv-SE
male,Elias,de-DE
female,Tumelo, tn-ZA
male,Masaru,ja-JP
male,Nguyen,vn-VN
male,Adrià,ca-ES
male,Albert,de-DE
male,Ekrem,tr-TR
male,Prince,ig-NG
female,Ofelia,es-MX
female,Marija,sr-Latn-RS
female,Gordana,sr-Latn-RS
male,Károly,hu-HU
male,Arturo,es-MX
male,Ahmed,ar-EG
female,Jamila, ar-EG
male,Mieczysław,pl-PL
male,Jens,da-DK
female,Tae-hee,ko-KR
female,Yoo-jin,ko-KR
male,Domingo,es-ES
male,Sun-Hee,ko-KR
male,Marcos,pt-BR
female,Rina,ja-JP
male,Boon-Huat,ms-MY
male,Sven,sv-SE
male,Mario,it-IT
female,Sofija,sr-Latn-RS
male,Grigor,bg-BG
female,Paula,de-DE
male,Dennis,nl-NL
male,Fouad,ar-MA
male,Benjamin,fr-FR
female,Mina,ko-KR
female,Karen,da-DK
female,Lotte,da-DK
female,Céline,fr-FR
female,Kaede,ja-JP
female,Ouma,lu-Kenya
female,Nanako,ja-JP
female,Sandra,hr-HR
male,Eduardo,pt-PT
male,Faizal,ms-MY
female,Karolina,pl-PL
female,Marie,de-DE
male,Christian,en-US
male,Anders,no-NO
male,Benjamin,en-GB
male,Alex,en-US
female,Isabela,pt-BR
female,Brooke,en-US
male,Christopher,en-GB
female,Barbara,hr-HR
male,Per,sv-SE
female,Duygu,tr-TR
male,Karim,ar-MA
male,Denis,hr-HR
male,Foday,men
female,Bahar,fa-IR
female,Jana,hr-HR
male,Owen,en-US
female,Flaviana,sw-TZ
female,Andreea,ro-RO
female,Barbara,pl-PL
male,Ryo,ja-JP
male,Jacob,en-US
male,Aidan,en-IE
male,Pedro,es-CL
female,Johanna,sv-SE
female,Raquel,es-ES
female,Francesca,it-IT
female,Kadiatou,fr-CM
female,Nyala,ar-EG
male,Martin,cs-CZ
male,Erik,da-DK
male,Phuoc,vi-VN
male,Satoshi,ja-JP
male,Ilja,ru-RU
female,Eshe, sw-KE
male,Hugo,pt-BR
female,Olga,ru-RU
female,Charlotte,fr-FR
female,Caitlin,en-US
male,Arne,no-NO
male,Adam,hu-HU
male,Rubén,es-ES
female,Jasmina,bs-Latn-BA
female,Angela,it-IT
male,Anthony,fr-FR
female,Edita,lt-LT
female,Bojana,sr-Latn-RS
male,Diogo,pt-PT
female,Megan,en-US
female,Nina,sr-Cyrl-RS
male,Seung-Ho,ko-KR
female,Fiona,en-US
male,John,en-US
male,Konrad,pl-PL
female,Diana,pt-PT
female,Cheryl,en-US
male,Artem,ru-RU
male,Fabian,es-CO
female,Hee-Young,ko-KR
male,Axel,da-DK
male,Dmitri,ru-RU
male,Byeong-hun,ko-KR
male,Aaron,en-US
female,Ana,es-ES
female,Rosa,es-ES
male,Denis,ru-RU
male,Florian,de-AT
male,Alonso,es-PE
female,Kristina,mk-MK
male,Gokhan,tr-TR
male,Björn,sv-SE
male,Dimitar,bg-BG
male,Jakob,de-DE
male,Adam,pl-PL
female,Gordana,hr-HR
female,Sofia,pt-PT
female,Aspen,en-US
female,Elena,it-IT
male,Igor,ru-RU
female,Rita,pt-PT
female,Iveta,cs-CZ
female,Hui-Ling,zh-TW
female,Tala,ar-JO
female,Valentina,it-IT
male,Kiril,bg-BG
male,Sajjad,ur-PK
male,Oscar,sv-SE
female,Letoya,tn-ZA
female,Xiao-Mei,zh-CN
male,Emiliano,it-IT
female,Elif,tr-TR
male,Tian,zh-CN
female,Mireia,ca-ES
male,Domingo,es-DO
female,Abena,en-GH
male,Mateo,es-CO
female,Marta,pl-PL
female,Maja,sv-SE
male,Boris,sr-Cyrl-RS
male,Mateusz,pl-PL
female,Gisela,ca-ES
male,Yuri,it-IT
male,Cesar,pt-PT
female,Elena,bg-BG
male,Zhen,zh-CN
male,Enock,sw-KE
female,Eileen,en-US
female,Marta,hu-HU
male,Oscar,es-ES
male,Fabio,it-IT
female,Paige,en-US
female,Lena,de-AT
female,Edith,de-DE
female,Nina,ru-RU
male,Valdis,lv-LV
female,Mee-Kyung,ko-KR
male,Moncef,ar-TN
female,Heidi,de-DE
male,Chirag,pa-IN
female,Beatriz,pt-BR
female,Gugu,zu-ZA
female,Dunja,sr-RS
female,Ifetayo,yo-NG
male,Vasilij,ru-RU
male,Leonardo,pt-BR
female,Agata,pl-PL
female,Adina,ro-RO
male,Benjamin,fr-CH
female,Hyun-Jung,ko-KR
male,Juan,es-ES
male,Ben,am-ET
female,Tatjana,sr-Cyrl-RS
female,Titi, yo-NG
female,Juanita,es-MX
female,Nina,sl-SI
male,Florian,de-DE
female,Ingrid,no-NO
male,Lorenzo,it-IT
female,So-Hee,ko-KR
female,Anahit,hy-AM
male,Anton,uk-UA
male,Gopal,hi-IN
male,Yuki,ja-JP
male,Sergi,ca-ES
male,Hao,zh-CN
male,Ciprian,ro-RO
male,Sergey,ru-RU
female,Agnès,fr-FR
female,Jin-Sook,ko-KR
female,Gabriela,pl-PL
female,Carla,pt-PT
female,Maria,es-PE
female,Benedita,pt-AO
female,Grazia,it-IT
male,Johannes,de-AT
male,Aleksandar,sr-Cyrl-RS
female,Kemi, yo-NG
female,Kemi,yo-NG
female,Raksha,hi-IN
female,Karina,ru-RU
male,Angelo,it-IT
female,Inga,is-IS
male,João,pt-PT
male,Ken,en-US
male,Francisco,pt-PT
male,Kevin,en-US
female,Kateřina,cs-CZ
female,Caetana,pt-PT
male,Cédric,fr-FR
male,Henrik,da-DK
female,Agnes,sv-SE
female,Aishwarya,hi-IN
female,Lina,sv-SE
male,Francis,ga-IE
female,Saengduan,th-TH
female,Anastasia,ru-RU
female,Chantel,en-US
female,Julissa,es-MX
male,Victor,ro-RO
female,Kimberly,en-US
female,Naima, ar-EG
male,Carlo,it-IT
male,Muhammed,ha-NE
male,Ahmad,fa-IR
male,Alexander,en-US
female,Berta,es-ES
male,Adam,en-GB
male,Bernardo,pt-PT
female,Mariama,ff
male,Vicente,es-ES
male,Ulrik,da-DK
female,Kaja,sl-SI
female,Nina,de-AT
male,Alexander,en-GB
male,Alexei,ru-RU
female,Joana,pt-PT
female,Ah-Young,ko-KR
female,Madeleine,fr-CH
female,Elisabet,ca-ES
male,Finn,no-NO
female,Dong-Mei,zh-Hans-CN
male,Bheki,zu-ZA
female,Julia,pt-PT
male,Giovanni,it-US
female,Zoe,en-US
female,Mpho,tn-ZA
male,Babatunde,yo-NG
male,Eugen,ro-RO
female,Ingrid,sv-FI
male,Igor,hr-BA
female,Cecilia,es-ES
female,Susanne,de-DE
male,Yuriy,uk-UA
female,Grace,sw
male,Carlos,es-ES
male,Lluís,ca-ES
male,Franklin,en-US
female,Kumiko,ja-JP
female,Yun-Xia,zh-CN
male,Muhammad,ar-EG
male,Ionut,ro-RO
male,Vicente,pt-BR
female,Gizem,tr-TR
male,Dominic,en-GB
male,Siu-Ming,zh-HK
male,Ilija,sr-Cyrl-RS
male,Olivier,fr-FR
female,Martina,es-AR
male,Zhen,zh-Hans-CN